<?xml version="1.0" encoding="UTF-8"?>
<beans xmlns="http://www.springframework.org/schema/beans"
	xmlns:xsi="http://www.w3.org/2001/XMLSchema-instance"
	xmlns:rabbit="http://www.springframework.org/schema/rabbit"
	xsi:schemaLocation="http://www.springframework.org/schema/beans
        http://www.springframework.org/schema/beans/spring-beans.xsd
        http://www.springframework.org/schema/rabbit
        http://www.springframework.org/schema/rabbit/spring-rabbit.xsd">


	<rabbit:connection-factory id="connectionFactory" host="localhost" username="admin" password="admin" />

	<rabbit:admin connection-factory="connectionFactory" />

	<!-- 
	<rabbit:template id="clientStatementTemplate"
		connection-factory="connectionFactory" exchange="clientStatementExchange"
		routing-key="rainbow.client.statement.eai" reply-timeout="2000" />-->
		
	<!-- ******************* TOPIC *************************** -->
    <rabbit:queue name="monthlyStatementQueue" />
 
    <rabbit:topic-exchange name="statement">
        <rabbit:bindings>
            <rabbit:binding queue="monthlyStatementQueue" pattern="client.statement.#" />
          </rabbit:bindings>
    </rabbit:topic-exchange>
    
<!-- **************** TOPIC PRODUCER  -->
    <rabbit:template id="clientStatementTemplate" connection-factory="connectionFactory"
     	reply-timeout="2000" routing-key="client.statement" exchange="statement" />

</beans>
