<?xml version="1.0" encoding="UTF-8"?>
<beans:beans
	xmlns="http://www.springframework.org/schema/integration"
	xmlns:xsi="http://www.w3.org/2001/XMLSchema-instance"
	xmlns:beans="http://www.springframework.org/schema/beans"
	xmlns:amqp="http://www.springframework.org/schema/integration/amqp"
	xmlns:jms="http://www.springframework.org/schema/integration/jms"
	xmlns:stream="http://www.springframework.org/schema/integration/stream"
	xsi:schemaLocation="http://www.springframework.org/schema/beans/spring-beans.xsd
			http://www.springframework.org/schema/context
			http://www.springframework.org/schema/context/spring-context.xsd
			http://www.springframework.org/schema/integration
			http://www.springframework.org/schema/integration/spring-integration.xsd
 			http://www.springframework.org/schema/integration/mail
    		http://www.springframework.org/schema/integration/mail/spring-integration-mail.xsd
 			http://www.springframework.org/schema/integration/amqp 
 			http://www.springframework.org/schema/integration/amqp/spring-integration-amqp.xsd
    		http://www.springframework.org/schema/integration/jms
			http://www.springframework.org/schema/integration/jms/spring-integration-jms.xsd
			http://www.springframework.org/schema/integration/stream
			http://www.springframework.org/schema/integration/stream/spring-integration-stream.xsd">

	<channel id="fromAmqpClientStatementChannel" />
	<amqp:inbound-channel-adapter
		channel="fromAmqpClientStatementChannel" queue-names="monthlyStatementQueue"
		connection-factory="amqpConnectionFactory" />
	
	<recipient-list-router id="clientStatementRouter"
		input-channel="fromAmqpClientStatementChannel">
		<recipient channel="mailingChannel" />
		<recipient channel="reportingChannel" />
	</recipient-list-router>
	<channel id="mailingChannel" />
	<channel id="reportingChannel" />

	<amqp:outbound-channel-adapter channel="reportingChannel" exchange-name="reportingExchange"
		routing-key="rainbow.client.statement.report" amqp-template="reportingAmqpTemplate" />

	<beans:bean id="reportingAmqpTemplate" class="org.springframework.amqp.rabbit.core.RabbitTemplate">
		<beans:constructor-arg ref="amqpConnectionFactory" />
	</beans:bean>


</beans:beans>
