<?xml version="1.0" encoding="UTF-8"?>
<beans xmlns="http://www.springframework.org/schema/beans"
     xmlns:xsi="http://www.w3.org/2001/XMLSchema-instance"
     xmlns:aop="http://www.springframework.org/schema/aop"
     xmlns:tx="http://www.springframework.org/schema/tx"
     xsi:schemaLocation="
     http://www.springframework.org/schema/beans 
     http://www.springframework.org/schema/beans/spring-beans-3.0.xsd
     http://www.springframework.org/schema/tx
     http://www.springframework.org/schema/tx/spring-tx-3.0.xsd
     http://www.springframework.org/schema/aop 
     http://www.springframework.org/schema/aop/spring-aop-3.0.xsd">
 
    <aop:aspectj-autoproxy />
    <bean id="accountService" class="bank.service.AccountService">
        <property name="accountDAO" ref="testaccountDao" />
    </bean>
    <bean id="accountDao" class="bank.dao.AccountDAO"/>
    <bean id="testaccountDao" class="bank.dao.TestAccountDAO"/>
    <bean id="servicetimer" class="bank.service.ServiceTimerAdvice"/>
    <bean id="daologger" class="bank.dao.DaoLoggingAdvice"/>
</beans>
